{
    "Erdos-Renyi": {
        "avg_degree": {
            "mean": 8.998933333333333,
            "std": 0.2527901545199541
        },
        "density": {
            "mean": 0.030096767001114827,
            "std": 0.0008454520218058668
        },
        "diameter": {
            "mean": 4.96,
            "std": 0.19595917942265428
        },
        "avg_distance": {
            "mean": 2.8285913043478264,
            "std": 0.02994365512963585
        }
    },
    "Random Regular": {
        "avg_degree": {
            "mean": 4.0,
            "std": 0.0
        },
        "density": {
            "mean": 0.013377926421404682,
            "std": 0.0
        },
        "diameter": {
            "mean": 7.12,
            "std": 0.32496153618543844
        },
        "avg_distance": {
            "mean": 4.5494903010033445,
            "std": 0.014011643414018888
        }
    },
    "Scale Free": {
        "avg_degree": {
            "mean": 3.973333333333333,
            "std": 0.0
        },
        "density": {
            "mean": 0.013288740245261985,
            "std": 0.0
        },
        "diameter": {
            "mean": 6.32,
            "std": 0.46647615158762407
        },
        "avg_distance": {
            "mean": 3.531079598662207,
            "std": 0.07258587442551552
        }
    },
    "Small World": {
        "avg_degree": {
            "mean": 4.0,
            "std": 0.0
        },
        "density": {
            "mean": 0.013377926421404682,
            "std": 0.0
        },
        "diameter": {
            "mean": 9.96,
            "std": 0.82365041127896
        },
        "avg_distance": {
            "mean": 5.185212040133779,
            "std": 0.07757966874849201
        }
    }
}